Balance,Begin Time,End Time,Trade Type,Perc Bal,Symbol,Begin Price,End Price,Commission,Profit,Lot
100000,20180101 22:01:01.051,20180110 14:16:54.143,LONG,5,EURUSD,1.20116,1.20062,1.4,-67.9999999999985,1
99932.0,20180110 14:16:54.143,20180111 10:01:16.545,SHORT,5,EURUSD,1.20062,1.1949,1.4,557.9999999999947,1
100490.0,20180111 10:01:16.545,20180117 04:08:47.863,LONG,5,EURUSD,1.1949,1.22678,1.4,3173.999999999991,1
103663.99999999999,20180117 04:08:47.863,20180117 15:47:01.250,SHORT,5,EURUSD,1.22678,1.22403,1.4,261.000000000003,1
103924.99999999999,20180117 15:47:01.250,20180117 17:57:24.325,LONG,5,EURUSD,1.22403,1.22448,1.4,31.000000000006146,1
103955.99999999999,20180117 17:57:24.325,20180118 09:00:18.669,SHORT,5,EURUSD,1.22448,1.22042,1.4,391.9999999999952,1
104347.99999999999,20180118 09:00:18.669,20180125 05:39:55.127,LONG,5,EURUSD,1.22042,1.24341,1.4,2284.999999999984,1
106632.99999999997,20180125 05:39:55.127,20180125 11:00:47.236,SHORT,5,EURUSD,1.24341,1.24126,1.4,200.99999999998744,1
106833.99999999996,20180125 11:00:47.236,20180125 16:16:30.659,LONG,5,EURUSD,1.24126,1.24925,1.4,784.9999999999942,1
107618.99999999996,20180125 16:16:30.659,20180125 22:48:33.891,SHORT,5,EURUSD,1.24925,1.23829,1.4,1082.0000000000082,1
108700.99999999997,20180125 22:48:33.891,20180128 23:35:42.362,LONG,5,EURUSD,1.23829,1.24214,1.4,371.00000000001313,1
109071.99999999999,20180128 23:35:42.362,20180129 16:35:11.306,SHORT,5,EURUSD,1.24214,1.23471,1.4,729.0000000000048,1
109800.99999999999,20180129 16:35:11.306,20180130 13:38:02.523,LONG,5,EURUSD,1.23471,1.24287,1.4,801.9999999999945,1
110602.99999999999,20180130 13:38:02.523,20180201 06:28:55.559,SHORT,5,EURUSD,1.24287,1.24121,1.4,151.9999999999995,1
110754.99999999999,20180201 06:28:55.559,20180202 11:27:30.575,LONG,5,EURUSD,1.24121,1.24949,1.4,814.0000000000066,1
111568.99999999999,20180202 11:27:30.575,20180202 14:58:17.383,SHORT,5,EURUSD,1.24949,1.24351,1.4,584.0000000000095,1
112153.0,20180202 14:58:17.383,20180205 11:32:26.986,LONG,5,EURUSD,1.24351,1.24579,1.4,214.00000000000597,1
112367.0,20180205 11:32:26.986,20180206 05:00:56.285,SHORT,5,EURUSD,1.24579,1.23578,1.4,986.9999999999853,1
113353.99999999999,20180206 05:00:56.285,20180206 09:26:43.644,LONG,5,EURUSD,1.23578,1.24055,1.4,462.99999999999403,1
113816.99999999999,20180206 09:26:43.644,20180206 14:17:32.890,SHORT,5,EURUSD,1.24055,1.23507,1.4,534.0000000000151,1
114351.0,20180206 14:17:32.890,20180207 07:03:23.794,LONG,5,EURUSD,1.23507,1.2391299999999998,1.4,391.9999999999952,1
114743.0,20180207 07:03:23.794,20180208 11:10:54.362,SHORT,5,EURUSD,1.2391299999999998,1.22405,1.4,1493.9999999999761,1
116236.99999999997,20180208 11:10:54.362,20180208 14:11:18.268,LONG,5,EURUSD,1.22405,1.2274,1.4,320.9999999999964,1
116557.99999999997,20180208 14:11:18.268,20180214 00:51:14.234,SHORT,5,EURUSD,1.2274,1.23544,1.4,-818.0000000000047,1
115739.99999999997,20180214 00:51:14.234,20180214 11:00:19.096,LONG,5,EURUSD,1.23544,1.23544,1.4,-13.999999999999998,1
115725.99999999997,20180214 11:00:19.096,20180214 12:51:04.865,SHORT,5,EURUSD,1.23544,1.23498,1.4,32.0000000000127,1
115757.99999999999,20180214 12:51:04.865,20180216 08:03:17.133,LONG,5,EURUSD,1.23498,1.25298,1.4,1786.0000000000014,1
117543.99999999999,20180216 08:03:17.133,20180219 14:46:07.740,SHORT,5,EURUSD,1.25298,1.23754,1.4,1529.9999999999898,1
119073.99999999997,20180219 14:46:07.740,20180221 18:02:43.239,LONG,5,EURUSD,1.23754,1.23259,1.4,-509.000000000001,1
118564.99999999997,20180221 18:02:43.239,20180222 11:46:34.898,SHORT,5,EURUSD,1.23259,1.22858,1.4,387.00000000000693,1
118951.99999999997,20180222 11:46:34.898,20180226 12:05:47.463,LONG,5,EURUSD,1.22858,1.23345,1.4,472.99999999999295,1
119424.99999999997,20180226 12:05:47.463,20180301 14:10:59.722,SHORT,5,EURUSD,1.23345,1.21836,1.4,1494.9999999999827,1
120919.99999999996,20180301 14:10:59.722,20180305 04:19:57.051,LONG,5,EURUSD,1.21836,1.2322799999999998,1.4,1377.9999999999711,1
122297.99999999993,20180305 04:19:57.051,20180305 07:01:36.998,SHORT,5,EURUSD,1.2322799999999998,1.22945,1.4,268.9999999999888,1
122566.99999999991,20180305 07:01:36.998,20180308 12:23:58.505,LONG,5,EURUSD,1.22945,1.23781,1.4,822.0000000000146,1
123388.99999999993,20180308 12:23:58.505,20180309 13:14:22.062,SHORT,5,EURUSD,1.23781,1.22904,1.4,863.0000000000167,1
124251.99999999994,20180309 13:14:22.062,20180316 11:01:37.896,LONG,5,EURUSD,1.22904,1.2326,1.4,342.00000000000074,1
124593.99999999994,20180316 11:01:37.896,20180321 16:03:11.787,SHORT,5,EURUSD,1.2326,1.2266,1.4,586.0000000000005,1
125179.99999999994,20180321 16:03:11.787,20180322 07:17:57.128,LONG,5,EURUSD,1.2266,1.23648,1.4,974.0000000000111,1
126153.99999999996,20180322 07:17:57.128,20180326 06:42:41.158,SHORT,5,EURUSD,1.23648,1.2367,1.4,-35.999999999988695,1
126117.99999999997,20180326 06:42:41.158,20180327 06:29:51.363,LONG,5,EURUSD,1.2367,1.24522,1.4,838.0000000000084,1
126955.99999999999,20180327 06:29:51.363,20180406 11:08:22.683,SHORT,5,EURUSD,1.24522,1.22424,1.4,2083.9999999999995,1
129039.99999999999,20180406 11:08:22.683,20180412 07:03:16.009,LONG,5,EURUSD,1.22424,1.23602,1.4,1163.9999999999902,1
130203.99999999997,20180412 07:03:16.009,20180416 06:00:13.989,SHORT,5,EURUSD,1.23602,1.23288,1.4,299.99999999999204,1
130503.99999999996,20180416 06:00:13.989,20180417 07:19:50.291,LONG,5,EURUSD,1.23288,1.24031,1.4,729.0000000000048,1
131232.99999999997,20180417 07:19:50.291,20180427 12:24:58.046,SHORT,5,EURUSD,1.24031,1.20747,1.4,3269.9999999999977,1
134502.99999999997,20180427 12:24:58.046,20180430 09:11:33.258,LONG,5,EURUSD,1.20747,1.21014,1.4,252.99999999999503,1
134755.99999999997,20180430 09:11:33.258,20180502 15:42:54.625,SHORT,5,EURUSD,1.21014,1.19705,1.4,1295.0000000000045,1
136050.99999999997,20180502 15:42:54.625,20180502 17:33:29.746,LONG,5,EURUSD,1.19705,1.19606,1.4,-113.00000000000463,1
135937.99999999997,20180502 17:33:29.746,20180504 14:27:36.610,SHORT,5,EURUSD,1.19606,1.19387,1.4,204.99999999999142,1
136142.99999999997,20180504 14:27:36.610,20180507 03:51:08.069,LONG,5,EURUSD,1.19387,1.19728,1.4,326.9999999999913,1
136469.99999999997,20180507 03:51:08.069,20180508 13:29:24.815,SHORT,5,EURUSD,1.19728,1.18566,1.4,1147.9999999999964,1
137617.99999999997,20180508 13:29:24.815,20180509 03:49:20.638,LONG,5,EURUSD,1.18566,1.1856,1.4,-19.9999999999949,1
137597.99999999997,20180509 03:49:20.638,20180509 06:31:01.375,SHORT,5,EURUSD,1.1856,1.18364,1.4,181.9999999999962,1
137779.99999999997,20180509 06:31:01.375,20180509 12:52:11.260,LONG,5,EURUSD,1.18364,1.18907,1.4,529.0000000000045,1
138308.99999999997,20180509 12:52:11.260,20180509 23:49:22.137,SHORT,5,EURUSD,1.18907,1.1849299999999998,1.4,400.0000000000254,1
138709.0,20180509 23:49:22.137,20180510 12:48:47.575,LONG,5,EURUSD,1.1849299999999998,1.1908299999999998,1.4,576.0000000000016,1
139285.0,20180510 12:48:47.575,20180510 14:44:01.904,SHORT,5,EURUSD,1.1908299999999998,1.18822,1.4,246.99999999997792,1
139531.99999999997,20180510 14:44:01.904,20180514 15:51:18.795,LONG,5,EURUSD,1.18822,1.19737,1.4,900.9999999999992,1
140432.99999999997,20180514 15:51:18.795,20180515 13:08:35.363,SHORT,5,EURUSD,1.19737,1.18497,1.4,1225.9999999999968,1
141658.99999999997,20180515 13:08:35.363,20180515 15:43:55.779,LONG,5,EURUSD,1.18497,1.18632,1.4,120.99999999999623,1
141779.99999999997,20180515 15:43:55.779,20180516 11:11:41.969,SHORT,5,EURUSD,1.18632,1.17898,1.4,720.0000000000124,1
142499.99999999997,20180516 11:11:41.969,20180517 03:30:46.337,LONG,5,EURUSD,1.17898,1.18276,1.4,364.00000000001165,1
142863.99999999997,20180517 03:30:46.337,20180517 10:43:08.459,SHORT,5,EURUSD,1.18276,1.17839,1.4,422.99999999999847,1
143286.99999999997,20180517 10:43:08.459,20180517 21:11:22.630,LONG,5,EURUSD,1.17839,1.17947,1.4,93.99999999999699,1
143380.99999999997,20180517 21:11:22.630,20180521 06:55:08.146,SHORT,5,EURUSD,1.17947,1.17323,1.4,610.0000000000023,1
143990.99999999997,20180521 06:55:08.146,20180521 12:31:57.872,LONG,5,EURUSD,1.17323,1.17576,1.4,238.99999999999213,1
144229.99999999997,20180521 12:31:57.872,20180521 14:17:20.778,SHORT,5,EURUSD,1.17576,1.17633,1.4,-71.00000000001815,1
144158.99999999994,20180521 14:17:20.778,20180521 23:19:14.860,LONG,5,EURUSD,1.17633,1.1797,1.4,322.9999999999873,1
144481.99999999994,20180521 23:19:14.860,20180522 04:53:52.143,SHORT,5,EURUSD,1.1797,1.17747,1.4,208.99999999999542,1
144690.99999999994,20180522 04:53:52.143,20180522 09:39:43.958,LONG,5,EURUSD,1.17747,1.18167,1.4,405.9999999999981,1
145096.99999999994,20180522 09:39:43.958,20180523 11:55:54.593,SHORT,5,EURUSD,1.18167,1.16967,1.4,1186.0000000000011,1
146282.99999999994,20180523 11:55:54.593,20180523 14:06:08.683,LONG,5,EURUSD,1.16967,1.17108,1.4,126.99999999999113,1
146409.99999999994,20180523 14:06:08.683,20180523 16:46:30.667,SHORT,5,EURUSD,1.17108,1.17023,1.4,70.99999999997954,1
146480.9999999999,20180523 16:46:30.667,20180524 08:04:25.077,LONG,5,EURUSD,1.17023,1.17251,1.4,213.99999999998377,1
146694.99999999988,20180524 08:04:25.077,20180524 10:50:09.337,SHORT,5,EURUSD,1.17251,1.172,1.4,37.000000000001044,1
146731.99999999988,20180524 10:50:09.337,20180524 16:51:41.765,LONG,5,EURUSD,1.172,1.17318,1.4,103.9999999999959,1
146835.99999999988,20180524 16:51:41.765,20180525 06:17:01.452,SHORT,5,EURUSD,1.17318,1.17046,1.4,257.99999999998334,1
147093.99999999985,20180525 06:17:01.452,20180525 08:47:24.471,LONG,5,EURUSD,1.17046,1.1718,1.4,119.99999999998968,1
147213.99999999985,20180525 08:47:24.471,20180525 18:29:55.495,SHORT,5,EURUSD,1.1718,1.16642,1.4,523.999999999994,1
147737.99999999985,20180525 18:29:55.495,20180528 04:26:49.158,LONG,5,EURUSD,1.16642,1.17157,1.4,500.99999999999875,1
148238.99999999985,20180528 04:26:49.158,20180529 10:43:47.274,SHORT,5,EURUSD,1.17157,1.15508,1.4,1634.9999999999893,1
149873.99999999985,20180529 10:43:47.274,20180530 22:27:36.447,LONG,5,EURUSD,1.15508,1.16685,1.4,1162.9999999999836,1
151036.99999999983,20180530 22:27:36.447,20180531 00:59:36.832,SHORT,5,EURUSD,1.16685,1.16627,1.4,44.000000000002494,1
151080.99999999983,20180531 00:59:36.832,20180531 07:38:18.939,LONG,5,EURUSD,1.16627,1.17002,1.4,361.0000000000142,1
151441.99999999983,20180531 07:38:18.939,20180531 15:15:08.490,SHORT,5,EURUSD,1.17002,1.16576,1.4,412.00000000001523,1
151853.99999999985,20180531 15:15:08.490,20180601 01:07:15.390,LONG,5,EURUSD,1.16576,1.16951,1.4,361.0000000000142,1
152214.99999999985,20180601 01:07:15.390,20180601 04:40:03.984,SHORT,5,EURUSD,1.16951,1.16783,1.4,154.0000000000126,1
152368.99999999985,20180601 04:40:03.984,20180601 09:26:49.032,LONG,5,EURUSD,1.16783,1.1687299999999998,1.4,75.9999999999901,1
152444.99999999985,20180601 09:26:49.032,20180603 21:56:07.298,SHORT,5,EURUSD,1.1687299999999998,1.16677,1.4,181.99999999997397,1
152626.99999999983,20180603 21:56:07.298,20180604 10:47:53.623,LONG,5,EURUSD,1.16677,1.17232,1.4,540.9999999999943,1
153167.99999999983,20180604 10:47:53.623,20180604 15:53:50.274,SHORT,5,EURUSD,1.17232,1.16934,1.4,283.9999999999983,1
153451.99999999983,20180604 15:53:50.274,20180605 07:55:05.300,LONG,5,EURUSD,1.16934,1.17015,1.4,66.99999999999774,1
153518.99999999983,20180605 07:55:05.300,20180605 13:06:10.165,SHORT,5,EURUSD,1.17015,1.16638,1.4,363.0000000000051,1
153881.99999999983,20180605 13:06:10.165,20180605 17:06:57.460,LONG,5,EURUSD,1.16638,1.17229,1.4,577.0000000000082,1
154458.99999999983,20180605 17:06:57.460,20180606 03:56:42.729,SHORT,5,EURUSD,1.17229,1.1728,1.4,-65.00000000000104,1
154393.99999999983,20180606 03:56:42.729,20180607 15:25:22.751,LONG,5,EURUSD,1.1728,1.18251,1.4,956.9999999999886,1
155350.99999999983,20180607 15:25:22.751,20180607 22:39:58.363,SHORT,5,EURUSD,1.18251,1.17994,1.4,242.99999999999613,1
155593.99999999983,20180607 22:39:58.363,20180608 03:54:36.077,LONG,5,EURUSD,1.17994,1.17977,1.4,-31.000000000000348,1
155562.99999999983,20180608 03:54:36.077,20180608 10:42:45.523,SHORT,5,EURUSD,1.17977,1.1752,1.4,442.99999999999625,1
156005.99999999983,20180608 10:42:45.523,20180611 06:21:06.802,LONG,5,EURUSD,1.1752,1.18109,1.4,574.999999999995,1
156580.99999999983,20180611 06:21:06.802,20180611 10:37:53.917,SHORT,5,EURUSD,1.18109,1.1786299999999998,1.4,232.00000000001288,1
156812.99999999983,20180611 10:37:53.917,20180611 13:49:05.661,LONG,5,EURUSD,1.1786299999999998,1.18039,1.4,162.00000000002058,1
156974.99999999985,20180611 13:49:05.661,20180612 00:20:52.567,SHORT,5,EURUSD,1.18039,1.17493,1.4,532.000000000002,1
157506.99999999985,20180612 00:20:52.567,20180612 08:15:38.392,LONG,5,EURUSD,1.17493,1.17986,1.4,478.99999999998784,1
157985.99999999985,20180612 08:15:38.392,20180613 07:16:25.811,SHORT,5,EURUSD,1.17986,1.17497,1.4,474.99999999998386,1
158460.99999999983,20180613 07:16:25.811,20180613 15:24:09.808,LONG,5,EURUSD,1.17497,1.17709,1.4,197.99999999998997,1
158658.99999999983,20180613 15:24:09.808,20180613 17:20:01.815,SHORT,5,EURUSD,1.17709,1.17852,1.4,-157.00000000000423,1
158501.99999999983,20180613 17:20:01.815,20180614 08:59:57.124,LONG,5,EURUSD,1.17852,1.18253,1.4,387.00000000000693,1
158888.99999999983,20180614 08:59:57.124,20180615 06:01:17.782,SHORT,5,EURUSD,1.18253,1.15601,1.4,2638.00000000001,1
161526.99999999983,20180615 06:01:17.782,20180619 03:51:56.623,LONG,5,EURUSD,1.15601,1.16415,1.4,800.0000000000036,1
162326.99999999983,20180619 03:51:56.623,20180621 09:41:48.294,SHORT,5,EURUSD,1.16415,1.1524299999999998,1.4,1158.0000000000175,1
163484.99999999985,20180621 09:41:48.294,20180622 08:00:15.426,LONG,5,EURUSD,1.1524299999999998,1.1653,1.4,1273.000000000016,1
164757.99999999988,20180622 08:00:15.426,20180622 16:01:59.473,SHORT,5,EURUSD,1.1653,1.16317,1.4,198.99999999999653,1
164956.99999999988,20180622 16:01:59.473,20180624 22:05:39.413,LONG,5,EURUSD,1.16317,1.16668,1.4,336.9999999999902,1
165293.99999999988,20180624 22:05:39.413,20180625 08:52:09.464,SHORT,5,EURUSD,1.16668,1.16575,1.4,78.99999999998754,1
165372.99999999988,20180625 08:52:09.464,20180626 03:41:28.364,LONG,5,EURUSD,1.16575,1.17144,1.4,554.9999999999973,1
165927.99999999988,20180626 03:41:28.364,20180626 09:29:15.146,SHORT,5,EURUSD,1.17144,1.16659,1.4,471.00000000000205,1
166398.99999999988,20180626 09:29:15.146,20180626 11:24:32.706,LONG,5,EURUSD,1.16659,1.16738,1.4,65.00000000000685,1
166463.99999999988,20180626 11:24:32.706,20180628 08:04:00.579,SHORT,5,EURUSD,1.16738,1.15589,1.4,1135.0,1
167598.99999999988,20180628 08:04:00.579,20180629 16:46:19.842,LONG,5,EURUSD,1.15589,1.16739,1.4,1135.9999999999843,1
168734.99999999985,20180629 16:46:19.842,20180702 17:53:49.542,SHORT,5,EURUSD,1.16739,1.16061,1.4,664.0000000000008,1
169398.99999999985,20180702 17:53:49.542,20180703 08:07:38.741,LONG,5,EURUSD,1.16061,1.16701,1.4,626.0000000000183,1
170024.99999999988,20180703 08:07:38.741,20180703 22:22:43.120,SHORT,5,EURUSD,1.16701,1.16593,1.4,94.0000000000192,1
170118.9999999999,20180703 22:22:43.120,20180704 05:17:04.157,LONG,5,EURUSD,1.16593,1.16649,1.4,42.000000000011596,1
170160.9999999999,20180704 05:17:04.157,20180704 14:37:10.092,SHORT,5,EURUSD,1.16649,1.16454,1.4,181.00000000001182,1
170341.9999999999,20180704 14:37:10.092,20180704 17:14:09.779,LONG,5,EURUSD,1.16454,1.16723,1.4,255.00000000000813,1
170596.9999999999,20180704 17:14:09.779,20180705 03:03:54.217,SHORT,5,EURUSD,1.16723,1.16619,1.4,89.999999999993,1
170686.9999999999,20180705 03:03:54.217,20180705 07:06:35.432,LONG,5,EURUSD,1.16619,1.1695,1.4,316.99999999999244,1
171003.9999999999,20180705 07:06:35.432,20180705 08:57:02.151,SHORT,5,EURUSD,1.1695,1.16935,1.4,1.0000000000094516,1
171004.9999999999,20180705 08:57:02.151,20180705 12:17:56.936,LONG,5,EURUSD,1.16935,1.17083,1.4,134.00000000001478,1
171138.99999999994,20180705 12:17:56.936,20180705 18:09:26.039,SHORT,5,EURUSD,1.17083,1.16784,1.4,285.00000000000483,1
171423.99999999994,20180705 18:09:26.039,20180706 13:25:01.148,LONG,5,EURUSD,1.16784,1.17537,1.4,739.0000000000036,1
172162.99999999994,20180706 13:25:01.148,20180708 23:19:36.620,SHORT,5,EURUSD,1.17537,1.17478,1.4,45.000000000009045,1
172207.99999999994,20180708 23:19:36.620,20180709 11:15:57.576,LONG,5,EURUSD,1.17478,1.17782,1.4,290.00000000001535,1
172497.99999999997,20180709 11:15:57.576,20180709 21:50:54.741,SHORT,5,EURUSD,1.17782,1.17489,1.4,279.00000000000995,1
172776.99999999997,20180709 21:50:54.741,20180710 02:25:48.668,LONG,5,EURUSD,1.17489,1.17503,1.4,2.9002408113987244e-12,1
172776.99999999997,20180710 02:25:48.668,20180710 12:35:39.520,SHORT,5,EURUSD,1.17503,1.17065,1.4,424.000000000005,1
173200.99999999997,20180710 12:35:39.520,20180710 19:39:02.356,LONG,5,EURUSD,1.17065,1.17441,1.4,361.9999999999986,1
173562.99999999997,20180710 19:39:02.356,20180711 09:28:58.718,SHORT,5,EURUSD,1.17441,1.17002,1.4,424.99999999998937,1
173987.99999999997,20180711 09:28:58.718,20180711 12:34:52.572,LONG,5,EURUSD,1.17002,1.1727299999999998,1.4,256.9999999999768,1
174244.99999999994,20180711 12:34:52.572,20180712 10:47:00.034,SHORT,5,EURUSD,1.1727299999999998,1.16769,1.4,489.9999999999933,1
174734.99999999994,20180712 10:47:00.034,20180712 15:33:10.225,LONG,5,EURUSD,1.16769,1.16851,1.4,68.00000000000429,1
174802.99999999994,20180712 15:33:10.225,20180713 12:59:55.211,SHORT,5,EURUSD,1.16851,1.16451,1.4,386.00000000000034,1
175188.99999999994,20180713 12:59:55.211,20180717 08:04:30.445,LONG,5,EURUSD,1.16451,1.1731,1.4,845.0000000000098,1
176033.99999999994,20180717 08:04:30.445,20180719 14:45:02.654,SHORT,5,EURUSD,1.1731,1.16132,1.4,1164.0000000000125,1
177197.99999999994,20180719 14:45:02.654,20180720 04:42:31.144,LONG,5,EURUSD,1.16132,1.16516,1.4,370.00000000000654,1
177567.99999999994,20180720 04:42:31.144,20180720 09:38:50.794,SHORT,5,EURUSD,1.16516,1.16569,1.4,-66.99999999999194,1
177500.99999999994,20180720 09:38:50.794,20180723 03:31:05.080,LONG,5,EURUSD,1.16569,1.17391,1.4,808.0000000000117,1
178308.99999999994,20180723 03:31:05.080,20180723 09:08:53.063,SHORT,5,EURUSD,1.17391,1.17039,1.4,337.99999999999676,1
178646.99999999994,20180723 09:08:53.063,20180723 11:29:53.537,LONG,5,EURUSD,1.17039,1.17152,1.4,98.99999999998533,1
178745.9999999999,20180723 11:29:53.537,20180724 05:21:46.859,SHORT,5,EURUSD,1.17152,1.1682,1.4,317.999999999999,1
179063.9999999999,20180724 05:21:46.859,20180724 13:19:27.345,LONG,5,EURUSD,1.1682,1.16977,1.4,143.00000000000713,1
179206.9999999999,20180724 13:19:27.345,20180725 03:45:15.630,SHORT,5,EURUSD,1.16977,1.1681700000000002,1.4,145.99999999998238,1
179352.99999999988,20180725 03:45:15.630,20180725 12:08:31.170,LONG,5,EURUSD,1.1681700000000002,1.1695,1.4,118.99999999998313,1
179471.99999999985,20180725 12:08:31.170,20180725 14:58:57.843,SHORT,5,EURUSD,1.1695,1.1674,1.4,195.9999999999991,1
179667.99999999985,20180725 14:58:57.843,20180726 05:48:28.816,LONG,5,EURUSD,1.1674,1.17362,1.4,608.0000000000114,1
180275.99999999985,20180726 05:48:28.816,20180730 05:57:11.924,SHORT,5,EURUSD,1.17362,1.16645,1.4,703.000000000012,1
180978.99999999985,20180730 05:57:11.924,20180731 10:43:47.955,LONG,5,EURUSD,1.16645,1.17324,1.4,665.0000000000074,1
181643.99999999985,20180731 10:43:47.955,20180801 05:05:30.106,SHORT,5,EURUSD,1.17324,1.16804,1.4,506.0000000000093,1
182149.99999999985,20180801 05:05:30.106,20180801 11:58:28.368,LONG,5,EURUSD,1.16804,1.16827,1.4,8.999999999995248,1
182158.99999999985,20180801 11:58:28.368,20180813 10:18:04.143,SHORT,5,EURUSD,1.16827,1.13848,1.4,2964.999999999998,1
185123.99999999985,20180813 10:18:04.143,20180813 13:39:09.642,LONG,5,EURUSD,1.13848,1.14237,1.4,375.0000000000171,1
185498.99999999988,20180813 13:39:09.642,20180815 14:01:28.666,SHORT,5,EURUSD,1.14237,1.1305,1.4,1173.0000000000048,1
186671.99999999988,20180815 14:01:28.666,20180816 14:29:15.326,LONG,5,EURUSD,1.1305,1.13918,1.4,854.0000000000022,1
187525.99999999988,20180816 14:29:15.326,20180817 16:52:16.372,SHORT,5,EURUSD,1.13918,1.14124,1.4,-219.99999999999508,1
187305.99999999988,20180817 16:52:16.372,20180822 22:30:46.721,LONG,5,EURUSD,1.14124,1.1598,1.4,1841.999999999991,1
189147.99999999988,20180822 22:30:46.721,20180824 11:53:26.533,SHORT,5,EURUSD,1.1598,1.15923,1.4,42.99999999999594,1
189190.99999999988,20180824 11:53:26.533,20180827 23:51:27.765,LONG,5,EURUSD,1.15923,1.16798,1.4,861.0000000000036,1
190051.99999999988,20180827 23:51:27.765,20180828 04:24:41.098,SHORT,5,EURUSD,1.16798,1.1673,1.4,54.0000000000014,1
190105.99999999988,20180828 04:24:41.098,20180828 15:43:06.044,LONG,5,EURUSD,1.1673,1.17191,1.4,447.0000000000003,1
190552.99999999988,20180828 15:43:06.044,20180829 10:56:09.399,SHORT,5,EURUSD,1.17191,1.16667,1.4,509.9999999999911,1
191062.99999999988,20180829 10:56:09.399,20180830 03:09:22.237,LONG,5,EURUSD,1.16667,1.17025,1.4,343.99999999999164,1
191406.99999999988,20180830 03:09:22.237,20180830 04:35:24.820,SHORT,5,EURUSD,1.17025,1.17014,1.4,-2.999999999994549,1
191403.99999999988,20180830 04:35:24.820,20180830 06:11:21.977,LONG,5,EURUSD,1.17014,1.16932,1.4,-96.00000000000429,1
191307.99999999988,20180830 06:11:21.977,20180830 16:14:06.071,SHORT,5,EURUSD,1.16932,1.1643,1.4,488.0000000000024,1
191795.99999999988,20180830 16:14:06.071,20180831 06:43:05.678,LONG,5,EURUSD,1.1643,1.16733,1.4,289.0000000000088,1
192084.99999999988,20180831 06:43:05.678,20180904 14:10:50.143,SHORT,5,EURUSD,1.16733,1.15383,1.4,1336.0000000000068,1
193420.99999999988,20180904 14:10:50.143,20180905 04:27:42.587,LONG,5,EURUSD,1.15383,1.1596,1.4,563.0000000000052,1
193983.99999999988,20180905 04:27:42.587,20180905 10:55:00.917,SHORT,5,EURUSD,1.1596,1.15953,1.4,-6.99999999999855,1
193976.99999999988,20180905 10:55:00.917,20180907 09:21:04.144,LONG,5,EURUSD,1.15953,1.16476,1.4,509.00000000000676,1
194485.99999999988,20180907 09:21:04.144,20180910 06:54:00.241,SHORT,5,EURUSD,1.16476,1.1533,1.4,1132.0000000000027,1
195617.99999999988,20180910 06:54:00.241,20180911 07:16:25.432,LONG,5,EURUSD,1.1533,1.16345,1.4,1001.0000000000103,1
196618.99999999988,20180911 07:16:25.432,20180912 11:46:20.890,SHORT,5,EURUSD,1.16345,1.15825,1.4,506.0000000000093,1
197124.99999999988,20180912 11:46:20.890,20180913 13:21:22.838,LONG,5,EURUSD,1.15825,1.1691,1.4,1071.0000000000027,1
198195.99999999988,20180913 13:21:22.838,20180913 15:16:46.242,SHORT,5,EURUSD,1.1691,1.16818,1.4,78.0000000000032,1
198273.99999999988,20180913 15:16:46.242,20180914 07:24:05.674,LONG,5,EURUSD,1.16818,1.17052,1.4,220.00000000000088,1
198493.99999999988,20180914 07:24:05.674,20180917 09:15:58.388,SHORT,5,EURUSD,1.17052,1.16506,1.4,532.000000000002,1
199025.99999999988,20180917 09:15:58.388,20180917 20:21:37.596,LONG,5,EURUSD,1.16506,1.16844,1.4,323.99999999999386,1
199349.99999999988,20180917 20:21:37.596,20180917 23:51:55.291,SHORT,5,EURUSD,1.16844,1.16681,1.4,149.00000000000205,1
199498.99999999988,20180917 23:51:55.291,20180918 05:10:09.967,LONG,5,EURUSD,1.16681,1.16896,1.4,201.00000000000963,1
199699.99999999988,20180918 05:10:09.967,20180918 09:16:23.429,SHORT,5,EURUSD,1.16896,1.16894,1.4,-12.0000000000091,1
199687.99999999988,20180918 09:16:23.429,20180918 12:47:29.622,LONG,5,EURUSD,1.16894,1.17085,1.4,176.99999999998562,1
199864.99999999988,20180918 12:47:29.622,20180918 19:44:47.819,SHORT,5,EURUSD,1.17085,1.16652,1.4,418.9999999999945,1
200283.99999999988,20180918 19:44:47.819,20180918 22:33:37.621,LONG,5,EURUSD,1.16652,1.16773,1.4,106.99999999999334,1
200390.99999999988,20180918 22:33:37.621,20180919 01:36:11.373,SHORT,5,EURUSD,1.16773,1.1665299999999998,1.4,106.000000000009,1
200496.99999999988,20180919 01:36:11.373,20180919 08:05:19.290,LONG,5,EURUSD,1.1665299999999998,1.16989,1.4,322.0000000000252,1
200818.9999999999,20180919 08:05:19.290,20180919 12:56:50.649,SHORT,5,EURUSD,1.16989,1.16751,1.4,224.0000000000049,1
201042.9999999999,20180919 12:56:50.649,20180919 15:47:28.141,LONG,5,EURUSD,1.16751,1.1685,1.4,85.00000000000465,1
201127.9999999999,20180919 15:47:28.141,20180919 22:42:09.993,SHORT,5,EURUSD,1.1685,1.16717,1.4,119.00000000000534,1
201246.9999999999,20180919 22:42:09.993,20180920 12:24:09.924,LONG,5,EURUSD,1.16717,1.17717,1.4,986.0000000000009,1
202232.9999999999,20180920 12:24:09.924,20180920 14:49:51.207,SHORT,5,EURUSD,1.17717,1.17542,1.4,161.00000000001404,1
202393.9999999999,20180920 14:49:51.207,20180921 07:45:20.078,LONG,5,EURUSD,1.17542,1.17711,1.4,155.00000000001913,1
202548.99999999994,20180921 07:45:20.078,20180924 05:27:08.273,SHORT,5,EURUSD,1.17711,1.17412,1.4,285.00000000000483,1
202833.99999999994,20180924 05:27:08.273,20180924 09:28:25.292,LONG,5,EURUSD,1.17412,1.17671,1.4,244.999999999987,1
203078.99999999994,20180924 09:28:25.292,20180924 10:28:43.723,SHORT,5,EURUSD,1.17671,1.177,1.4,-43.00000000001235,1
203035.99999999994,20180924 10:28:43.723,20180924 13:09:35.412,LONG,5,EURUSD,1.177,1.17959,1.4,244.999999999987,1
203280.99999999994,20180924 13:09:35.412,20180925 03:06:55.415,SHORT,5,EURUSD,1.17959,1.17376,1.4,569.0000000000001,1
203849.99999999994,20180925 03:06:55.415,20180925 13:06:41.599,LONG,5,EURUSD,1.17376,1.17782,1.4,392.0000000000174,1
204241.99999999997,20180925 13:06:41.599,20180926 12:29:34.881,SHORT,5,EURUSD,1.17782,1.17362,1.4,405.9999999999981,1
204647.99999999997,20180926 12:29:34.881,20180926 17:10:58.581,LONG,5,EURUSD,1.17362,1.17546,1.4,169.99999999998417,1
204817.99999999994,20180926 17:10:58.581,20180927 06:10:16.121,SHORT,5,EURUSD,1.17546,1.17035,1.4,496.99999999999477,1
205314.99999999994,20180927 06:10:16.121,20180927 09:36:00.397,LONG,5,EURUSD,1.17035,1.17163,1.4,113.99999999999478,1
205428.99999999994,20180927 09:36:00.397,20180928 12:34:29.839,SHORT,5,EURUSD,1.17163,1.15813,1.4,1335.9999999999845,1
